[
  {
    "id_material": 0,
    "title_material": "Pupuk",
    "thumbnail_material": "https://i.ibb.co/fCDbPcD/news-large-2.png"
  },
  {
    "id_material": 1,
    "title_material": "Pengolahan Apel",
    "thumbnail_material": "https://i.ibb.co/gWhdpxv/news-large-3.png"
  },
  {
    "id_material": 2,
    "title_material": "Pengolahan Pisang",
    "thumbnail_material": "https://i.ibb.co/T10WL1h/news-large-4.png"
  },
  {
    "id_material": 3,
    "title_material": "Pengolahan Jeruk",
    "thumbnail_material": "https://i.ibb.co/x3JhvpT/news-large-5.png"
  }
  ]